{
  "device_info": {
    "input_device": "default",
    "sample_rate": 48000,
    "channels": 1,
    "chunk_size": 1200,
    "device_name": "default",
    "max_input_channels": 32,
    "default_samplerate": 44100.0
  },
  "configuration": {
    "input_volume": 1,
    "agc_enabled": true,
    "sample_rate": 48000,
    "wake_word_gain": 1.0
  },
  "stages": [
    {
      "stage_name": "raw_input",
      "rms": 0.22733689844608307,
      "peak": 0.4250483810901642,
      "peak_to_average": 5.435368715293535,
      "thd": 37.23324072561486,
      "snr": 19.024107456207275,
      "clipping_count": 0,
      "clipping_ratio": 0.0,
      "dc_offset": -1.3144478543836158e-05,
      "frequency_response": {
        "sub_bass": -68.92511800924302,
        "bass": -80.88387775957001,
        "low_mid": -41.424600994457435,
        "mid": -57.73320936033653,
        "upper_mid": -81.90720369554705,
        "presence": -81.95416926149758,
        "brilliance": -81.9296495382863,
        "air": -82.0380197454605
      },
      "timestamp": 1756934759.9006164
    },
    {
      "stage_name": "volume_adjusted",
      "rms": 0.22733423113822937,
      "peak": 0.42514440417289734,
      "peak_to_average": 5.4374326420105525,
      "thd": 37.245144150909645,
      "snr": 18.892279863357544,
      "clipping_count": 0,
      "clipping_ratio": 0.0,
      "dc_offset": 9.937043068930507e-05,
      "frequency_response": {
        "sub_bass": -69.25206292067303,
        "bass": -81.17102517917971,
        "low_mid": -41.42503407214073,
        "mid": -57.732387188035844,
        "upper_mid": -82.12784740359325,
        "presence": -82.09811172130853,
        "brilliance": -81.98886800637693,
        "air": -81.99009088970747
      },
      "timestamp": 1756934762.1670303
    },
    {
      "stage_name": "agc_processed",
      "rms": 0.2611624300479889,
      "peak": 0.4999147951602936,
      "peak_to_average": 5.63970578196868,
      "thd": 37.26620051799905,
      "snr": 19.021434783935547,
      "clipping_count": 0,
      "clipping_ratio": 0.0,
      "dc_offset": 6.961428880458698e-05,
      "frequency_response": {
        "sub_bass": -67.85063223451516,
        "bass": -80.30152138667943,
        "low_mid": -40.22657115344983,
        "mid": -56.52778372984613,
        "upper_mid": -80.7540615928952,
        "presence": -81.00070709478005,
        "brilliance": -80.80577460881858,
        "air": -80.84526812313499
      },
      "timestamp": 1756934764.4632125
    },
    {
      "stage_name": "resampled_24k",
      "rms": 0.2915163040161133,
      "peak": 0.531128466129303,
      "peak_to_average": 5.210734583335277,
      "thd": 37.33153691905907,
      "snr": 18.903955221176147,
      "clipping_count": 0,
      "clipping_ratio": 0.0,
      "dc_offset": -8.044592686928809e-05,
      "frequency_response": {
        "sub_bass": -76.70223712842915,
        "bass": -82.18126616477703,
        "low_mid": -83.34681091898831,
        "mid": -47.13936037626545,
        "upper_mid": -57.95112195766709,
        "presence": -63.84844843531829,
        "brilliance": -82.5841809351991,
        "air": -82.58756831451969
      },
      "timestamp": 1756934766.5931835
    },
    {
      "stage_name": "pcm16_converted",
      "rms": 0.32354581356048584,
      "peak": 0.5861079692840576,
      "peak_to_average": 5.160836835079694,
      "thd": 37.29959439330135,
      "snr": 18.839629888534546,
      "clipping_count": 0,
      "clipping_ratio": 0.0,
      "dc_offset": -0.00010307240154361352,
      "frequency_response": {
        "sub_bass": -76.79704070724978,
        "bass": -82.27461241243063,
        "low_mid": -82.29159810742829,
        "mid": -46.23539588850506,
        "upper_mid": -57.05145853363467,
        "presence": -62.99033677204679,
        "brilliance": -81.73375755173268,
        "air": -81.60527777350919
      },
      "timestamp": 1756934768.7204843
    },
    {
      "stage_name": "wake_word_gain",
      "rms": 0.35824450850486755,
      "peak": 0.6297274827957153,
      "peak_to_average": 4.899462109813331,
      "thd": 67.385017967331,
      "snr": 18.970896005630493,
      "clipping_count": 0,
      "clipping_ratio": 0.0,
      "dc_offset": 0.00032896402990445495,
      "frequency_response": {
        "sub_bass": -80.69950511151887,
        "bass": -83.46713751203481,
        "low_mid": -83.05881642956392,
        "mid": -82.4384517086606,
        "upper_mid": -46.58834256989694,
        "presence": -63.8336908783659,
        "brilliance": -59.82252646112301,
        "air": -82.55763900267247
      },
      "timestamp": 1756934770.7420893
    },
    {
      "stage_name": "highpass_filtered",
      "rms": 0.39622440934181213,
      "peak": 0.726423978805542,
      "peak_to_average": 5.264978897444009,
      "thd": 100.0,
      "snr": 19.06894087791443,
      "clipping_count": 0,
      "clipping_ratio": 0.0,
      "dc_offset": -0.003117095911875367,
      "frequency_response": {
        "sub_bass": -82.30314128985557,
        "bass": -68.6898644576194,
        "low_mid": -68.85752008779711,
        "mid": -75.14331277198835,
        "upper_mid": -45.716006051155645,
        "presence": -62.98842462560934,
        "brilliance": -59.00711552052638,
        "air": -81.39767034596296
      },
      "timestamp": 1756934772.868158
    }
  ],
  "recommendations": [
    "High distortion at raw_input: THD=37.2%. Check resampling quality or reduce gain.",
    "High distortion at volume_adjusted: THD=37.2%. Check resampling quality or reduce gain.",
    "High distortion at agc_processed: THD=37.3%. Check resampling quality or reduce gain.",
    "High distortion at resampled_24k: THD=37.3%. Check resampling quality or reduce gain.",
    "High distortion at pcm16_converted: THD=37.3%. Check resampling quality or reduce gain.",
    "High distortion at wake_word_gain: THD=67.4%. Check resampling quality or reduce gain.",
    "High distortion at highpass_filtered: THD=100.0%. Check resampling quality or reduce gain.",
    "Resampling introduces distortion. Consider using higher quality resampling (e.g., scipy.signal.resample_poly instead of resample)"
  ],
  "overall_assessment": "CRITICAL: 7 critical issues found. Audio quality severely degraded. Immediate action required.",
  "timestamp": "2025-09-03T17:27:11.395670",
  "duration": 2.0
}