stage_name,rms,peak,peak_to_average,thd,snr,clipping_ratio,dc_offset
raw_input,0.22733689844608307,0.4250483810901642,5.435368715293535,37.23324072561486,19.024107456207275,0.0,-1.3144478543836158e-05
volume_adjusted,0.22733423113822937,0.42514440417289734,5.4374326420105525,37.245144150909645,18.892279863357544,0.0,9.937043068930507e-05
agc_processed,0.2611624300479889,0.4999147951602936,5.63970578196868,37.26620051799905,19.021434783935547,0.0,6.961428880458698e-05
resampled_24k,0.2915163040161133,0.531128466129303,5.210734583335277,37.33153691905907,18.903955221176147,0.0,-8.044592686928809e-05
pcm16_converted,0.32354581356048584,0.5861079692840576,5.160836835079694,37.29959439330135,18.839629888534546,0.0,-0.00010307240154361352
wake_word_gain,0.35824450850486755,0.6297274827957153,4.899462109813331,67.385017967331,18.970896005630493,0.0,0.00032896402990445495
highpass_filtered,0.39622440934181213,0.726423978805542,5.264978897444009,100.0,19.06894087791443,0.0,-0.003117095911875367
